{
  "required": true,
  "minVersion": "0.8",
  "package": "ru.zenith.mixins",
  "compatibilityLevel": "JAVA_17",
  "mixins": [
    "AbstractBlockStateMixin",
    "ArmorItemMixin",
    "BlockEntityMixin",
    "ChatInputSuggestorMixin",
    "ClientConnectionMixin",
    "ClientPlayerEntityMixin",
    "ClientPlayerInteractionManagerMixin",
    "ClientPlayNetworkHandlerMixin",
    "DataTrackerMixin",
    "EntityMixin",
    "FireworkRocketEntityMixin",
    "ItemMixin",
    "KeyboardMixin",
    "LivingEntityMixin",
    "MinecraftServerMixin",
    "MouseMixin",
    "PlayerEntityMixin",
    "ScoreboardMixin",
    "WorldMixin"
  ],
  "injectors": {
    "defaultRequire": 1
  },
  "client": [
    "BackGroundRendererMixin",
    "BlockCollisionSpliteratorMixin",
    "BossBarHudMixin",
    "CameraMixin",
    "ChatScreenMixin",
    "ClientWorldMixin",
    "ClientWorldPropertiesMixin",
    "DeathScreenMixin",
    "EntityRenderDispatcherMixin",
    "EntityRendererMixin",
    "GameRendererMixin",
    "HandledScreenMixin",
    "HeldItemRendererMixin",
    "InGameHudMixin",
    "InGameOverlayRendererMixin",
    "InputMixin",
    "KeyboardInputMixin",
    "LightmapTextureManagerMixin",
    "LivingEntityRendererMixin",
    "MinecraftClientMixin",
    "PlayerEntityRendererMixin",
    "ScreenMixin",
    "ServerListMixin",
    "TextVisitFactoryMixin",
    "TitleScreenMixin",
    "WorldRendererMixin"
  ]
}
